TestName,VertexCount,Runtime(milliseconds),PITC,PITC/VertexCount,UPD,AvgDegree,
StressTests/4000,1275,67,19467,15.2682,303,5.88332,
StressTests/4001,1276,79,19860,15.5643,285,5.95239,
StressTests/4002,1276,142,20324,15.9279,158,6.01963,
StressTests/4003,1275,93,19510,15.302,466,5.92344,
StressTests/4004,1275,78,20253,15.8847,219,6.02122,
StressTests/4005,1275,92,19697,15.4486,305,5.92745,
StressTests/4006,1275,83,19233,15.0847,252,5.82967,
StressTests/4007,1275,116,19760,15.498,233,5.92795,
StressTests/4008,1275,90,20484,16.0659,153,6.04536,
StressTests/4009,1273,114,18023,14.1579,648,5.67322,
StressTests/4010,1274,73,19486,15.2951,320,5.89345,
StressTests/4011,1272,77,20113,15.8121,319,6.02284,
StressTests/4012,1273,95,21181,16.6386,220,6.1926,
StressTests/4013,1272,72,20104,15.805,300,6.01614,
StressTests/4014,1272,89,19713,15.4976,274,5.93592,
StressTests/4015,1272,76,19431,15.2759,383,5.90116,
StressTests/4016,1272,76,19339,15.2036,196,5.84587,
StressTests/4017,1271,55,19437,15.2927,310,5.8913,
StressTests/4018,1270,106,20043,15.7819,333,6.01814,
StressTests/4019,1270,120,19809,15.5976,310,5.96766,
StressTests/4020,1270,83,19332,15.222,311,5.87288,
StressTests/4021,1271,88,19565,15.3934,346,5.92335,
StressTests/4022,1271,76,19615,15.4327,292,5.92488,
StressTests/4023,1271,111,19894,15.6522,343,5.987,
StressTests/4024,1270,79,19601,15.4339,318,5.92767,
StressTests/4025,1268,96,19587,15.4472,232,5.91448,
StressTests/4026,1269,132,19016,14.985,273,5.80426,
StressTests/4027,1269,81,19207,15.1355,402,5.86994,
StressTests/4028,1267,106,19383,15.2983,278,5.88788,
StressTests/4029,1267,100,19489,15.382,293,5.91214,
StressTests/4030,1267,151,18930,14.9408,275,5.7953,
StressTests/4031,1266,89,19357,15.2899,434,5.91513,
StressTests/4032,1267,99,19292,15.2265,483,5.90888,
StressTests/4033,1267,82,19629,15.4925,335,5.94473,
StressTests/4034,1267,76,19458,15.3575,364,5.91915,
StressTests/4035,1267,82,20908,16.502,213,6.15832,
StressTests/4036,1266,66,19613,15.4921,354,5.94937,
StressTests/4037,1264,69,19502,15.4288,375,5.9279,
StressTests/4038,1265,104,20121,15.9059,215,6.01621,
StressTests/4039,1265,91,19356,15.3012,305,5.89291,
StressTests/4040,1264,104,19869,15.7191,310,5.99742,
StressTests/4041,1264,111,19698,15.5839,215,5.94896,
StressTests/4042,1264,104,20079,15.8853,314,6.04059,
StressTests/4043,1264,101,19000,15.0316,584,5.88032,
StressTests/4044,1264,171,19416,15.3608,333,5.91302,
StressTests/4045,1264,106,19248,15.2278,420,5.89697,
StressTests/4046,1263,92,19403,15.3626,392,5.92466,
StressTests/4047,1263,107,19718,15.612,327,5.97443,
StressTests/4048,1262,82,19464,15.4231,304,5.923,
StressTests/4049,1262,103,18937,15.0055,243,5.80825,
StressTests/4050,1262,81,19761,15.6585,232,5.97247,
StressTests/4051,1262,77,19392,15.3661,297,5.90676,
StressTests/4052,1262,104,19802,15.691,210,5.97149,
StressTests/4053,1262,88,19338,15.3233,391,5.91513,
StressTests/4054,1261,79,19694,15.6178,286,5.96373,
StressTests/4055,1261,95,19459,15.4314,373,5.93883,
StressTests/4056,1260,100,19425,15.4167,306,5.92188,
StressTests/4057,1259,126,19763,15.6974,209,5.97817,
StressTests/4058,1259,123,19238,15.2804,368,5.90056,
StressTests/4059,1259,108,19349,15.3685,340,5.91665,
StressTests/4060,1259,69,20847,16.5584,191,6.15102,
StressTests/4061,1259,92,19393,15.4035,188,5.89378,
StressTests/4062,1258,98,19158,15.2289,300,5.87152,
StressTests/4063,1258,115,18787,14.934,276,5.79809,
StressTests/4064,1258,95,19788,15.7297,354,6.00935,
StressTests/4065,1258,108,19544,15.5358,394,5.96776,
StressTests/4066,1258,83,19308,15.3482,357,5.91561,
StressTests/4067,1257,101,19347,15.3914,211,5.89723,
StressTests/4068,1255,273,19121,15.2359,202,5.85552,
StressTests/4069,1255,82,19829,15.8,232,6.00559,
StressTests/4070,1255,70,18870,15.0359,357,5.83735,
StressTests/4071,1254,100,19536,15.5789,229,5.94248,
StressTests/4072,1255,83,19066,15.192,408,5.88625,
StressTests/4073,1254,58,19321,15.4075,319,5.92463,
StressTests/4074,1255,100,20645,16.4502,223,6.13298,
StressTests/4075,1254,105,19682,15.6954,255,5.97787,
StressTests/4076,1254,105,19477,15.5319,448,5.97787,
StressTests/4077,1253,150,19250,15.3631,270,5.90088,
StressTests/4078,1254,92,19083,15.2177,313,5.8733,
StressTests/4079,1254,176,19793,15.7839,227,6.00454,
StressTests/4080,1252,109,18648,14.8946,297,5.78976,
StressTests/4081,1251,80,19021,15.2046,264,5.85894,
StressTests/4082,1252,109,19521,15.5919,308,5.96465,
StressTests/4083,1252,289,18952,15.1374,212,5.8338,
StressTests/4084,1251,94,19619,15.6827,365,5.99481,
StressTests/4085,1251,80,19175,15.3277,470,5.93293,
StressTests/4086,1251,127,18868,15.0823,275,5.83453,
StressTests/4087,1251,132,19230,15.3717,317,5.91078,
StressTests/4088,1251,215,19381,15.4924,316,5.94334,
StressTests/4089,1251,114,19811,15.8361,266,6.01957,
StressTests/4090,1250,82,19208,15.3664,419,5.93052,
StressTests/4091,1250,93,19340,15.472,249,5.9226,
StressTests/4092,1250,99,20390,16.312,292,6.14255,
StressTests/4093,1250,57,20184,16.1472,178,6.07685,
StressTests/4094,1250,95,19214,15.3712,334,5.91568,
StressTests/4095,1249,62,19074,15.2714,295,5.88241,
StressTests/4096,1248,146,19466,15.5978,297,5.9655,
StressTests/4097,1248,73,19434,15.5721,192,5.93814,
StressTests/4098,1248,105,19502,15.6266,233,5.96152,
StressTests/4099,1248,87,19252,15.4263,206,5.90479,
StressTests/4100,1248,70,19011,15.2332,459,5.9065,
StressTests/4101,1248,142,19385,15.5329,360,5.96247,
StressTests/4102,1248,116,19447,15.5825,271,5.9567,
StressTests/4103,1247,85,19352,15.5188,275,5.93964,
StressTests/4104,1246,85,18742,15.0417,440,5.85144,
StressTests/4105,1245,71,18793,15.0948,357,5.85223,
StressTests/4106,1245,143,19272,15.4795,236,5.929,
StressTests/4107,1244,166,19167,15.4076,324,5.92351,
StressTests/4108,1245,91,19475,15.6426,231,5.96183,
StressTests/4109,1245,106,18951,15.2217,305,5.87291,
StressTests/4110,1243,94,19498,15.6862,323,5.99255,
StressTests/4111,1244,111,18651,14.9928,644,5.88464,
StressTests/4112,1244,108,19505,15.6793,302,5.98632,
StressTests/4113,1244,100,18937,15.2227,279,5.86762,
StressTests/4114,1243,132,19494,15.683,279,5.97722,
StressTests/4115,1243,113,19015,15.2977,327,5.89789,
StressTests/4116,1243,90,19312,15.5366,293,5.95023,
StressTests/4117,1243,84,18645,15,239,5.80232,
StressTests/4118,1243,181,19181,15.4312,341,5.93351,
StressTests/4119,1242,113,19131,15.4034,306,5.91989,
StressTests/4120,1242,69,19018,15.3124,264,5.88987,
StressTests/4121,1242,101,19161,15.4275,217,5.9081,
StressTests/4122,1242,232,18579,14.9589,538,5.85501,
StressTests/4123,1241,85,18827,15.1708,364,5.87306,
StressTests/4124,1240,122,18929,15.2653,240,5.87412,
StressTests/4125,1241,78,18543,14.942,305,5.80789,
StressTests/4126,1240,99,19610,15.8145,201,6.00477,
StressTests/4127,1240,102,18718,15.0952,243,5.82927,
StressTests/4128,1241,126,19366,15.6052,273,5.95827,
StressTests/4129,1241,140,19727,15.8961,205,6.00973,
StressTests/4130,1240,94,19196,15.4806,387,5.95658,
StressTests/4131,1240,122,18763,15.1315,406,5.87174,
StressTests/4132,1240,96,19327,15.5863,329,5.96831,
StressTests/4133,1240,179,19591,15.7992,230,6.0016,
StressTests/4134,1240,282,19250,15.5242,355,5.95663,
StressTests/4135,1239,127,19434,15.6852,247,5.98021,
StressTests/4136,1239,50,19465,15.7103,211,5.97717,
StressTests/4137,1239,101,19050,15.3753,299,5.91071,
StressTests/4138,1239,132,19094,15.4108,446,5.94987,
StressTests/4139,1238,114,19195,15.5048,355,5.95509,
StressTests/4140,1238,119,19740,15.9451,321,6.05785,
StressTests/4141,1238,103,18918,15.2811,548,5.93951,
StressTests/4142,1238,101,22310,18.021,171,6.53839,
StressTests/4143,1238,78,18669,15.08,207,5.82216,
StressTests/4144,1237,111,18684,15.1043,289,5.84625,
StressTests/4145,1237,114,19071,15.4171,259,5.91361,
StressTests/4146,1236,108,19079,15.4361,370,5.94103,
StressTests/4147,1236,75,19098,15.4515,304,5.93394,
StressTests/4148,1236,111,18837,15.2403,338,5.88907,
StressTests/4149,1234,100,18775,15.2147,410,5.89385,
StressTests/4150,1235,42,18868,15.2777,372,5.90132,
StressTests/4151,1235,115,18454,14.9425,361,5.81566,
StressTests/4152,1235,100,19256,15.5919,328,5.97161,
StressTests/4153,1235,93,18840,15.2551,523,5.92679,
StressTests/4154,1235,106,19020,15.4008,374,5.9337,
StressTests/4155,1235,105,18904,15.3069,223,5.8811,
StressTests/4156,1234,96,18608,15.0794,398,5.85865,
StressTests/4157,1235,71,18897,15.3012,281,5.88974,
StressTests/4158,1234,134,18952,15.3582,230,5.89389,
StressTests/4159,1234,107,18828,15.2577,339,5.89103,
StressTests/4160,1234,133,19299,15.6394,319,5.98073,
StressTests/4161,1234,69,19296,15.637,298,5.97869,
StressTests/4162,1232,118,18598,15.0958,380,5.8581,
StressTests/4163,1232,129,19092,15.4968,249,5.93092,
StressTests/4164,1233,103,19083,15.4769,343,5.9453,
StressTests/4165,1233,107,18385,14.9108,315,5.79793,
StressTests/4166,1232,93,18738,15.2094,298,5.86473,
StressTests/4167,1233,156,19178,15.5539,338,5.96284,
StressTests/4168,1233,164,19448,15.7729,352,6.02112,
StressTests/4169,1233,178,18893,15.3228,334,5.90555,
StressTests/4170,1232,102,18695,15.1745,335,5.86774,
StressTests/4171,1231,90,18585,15.0975,252,5.8368,
StressTests/4172,1232,94,19358,15.7127,296,5.99512,
StressTests/4173,1231,101,18689,15.182,220,5.84529,
StressTests/4174,1231,96,19161,15.5654,311,5.96218,
StressTests/4175,1231,92,19119,15.5313,336,5.95829,
StressTests/4176,1231,78,18775,15.2518,265,5.87256,
StressTests/4177,1231,272,18973,15.4127,333,5.92798,
StressTests/4178,1230,95,18796,15.2813,261,5.88085,
StressTests/4179,1230,85,18903,15.3683,234,5.8939,
StressTests/4180,1230,345,18711,15.2122,221,5.85575,
StressTests/4181,1230,69,20291,16.4967,165,6.14213,
StressTests/4182,1229,137,19307,15.7095,299,5.99511,
StressTests/4183,1228,90,18976,15.4528,395,5.95085,
StressTests/4184,1229,117,18944,15.4142,230,5.90953,
StressTests/4185,1229,114,18691,15.2083,288,5.86774,
StressTests/4186,1227,83,18705,15.2445,294,5.8751,
StressTests/4187,1228,98,18716,15.241,269,5.87691,
StressTests/4188,1228,123,18556,15.1107,255,5.83893,
StressTests/4189,1227,56,18799,15.3211,282,5.8949,
StressTests/4190,1227,55,19070,15.542,352,5.96408,
StressTests/4191,1227,97,18860,15.3708,307,5.91126,
StressTests/4192,1226,81,18720,15.2692,279,5.88072,
StressTests/4193,1225,286,18825,15.3673,205,5.89244,
StressTests/4194,1225,130,18292,14.9322,290,5.79755,
StressTests/4195,1225,84,18983,15.4963,342,5.95113,
StressTests/4196,1225,88,18494,15.0971,297,5.84243,
StressTests/4197,1225,78,19083,15.578,322,5.96648,
StressTests/4198,1224,78,18664,15.2484,312,5.88318,
StressTests/4199,1223,72,18567,15.1815,257,5.85343,
StressTests/4200,1223,81,17553,14.3524,522,5.70317,
StressTests/4201,1223,95,18522,15.1447,293,5.8515,
StressTests/4202,1223,58,18659,15.2567,291,5.88183,
StressTests/4203,1222,85,18553,15.1825,230,5.8502,
StressTests/4204,1221,63,18821,15.4144,400,5.9376,
StressTests/4205,1221,87,18781,15.3817,233,5.90057,
StressTests/4206,1221,74,18500,15.1515,347,5.86631,
StressTests/4207,1221,101,18616,15.2465,225,5.86902,
StressTests/4208,1221,73,18911,15.4881,345,5.94957,
StressTests/4209,1221,111,19286,15.7952,261,6.00964,
StressTests/4210,1220,149,19251,15.7795,210,5.99795,
StressTests/4211,1220,62,18769,15.3844,201,5.89796,
StressTests/4212,1219,94,18327,15.0345,378,5.84323,
StressTests/4213,1220,64,19470,15.959,156,6.03133,
StressTests/4214,1220,112,18692,15.3213,462,5.92796,
StressTests/4215,1220,67,18951,15.5336,340,5.959,
StressTests/4216,1220,116,18406,15.0869,453,5.87356,
StressTests/4217,1218,61,18379,15.0895,180,5.81426,
StressTests/4218,1219,85,19338,15.8638,196,6.01651,
StressTests/4219,1219,76,18991,15.5792,246,5.95214,
StressTests/4220,1219,55,17983,14.7523,284,5.75519,
StressTests/4221,1218,86,19255,15.8087,238,6.00905,
StressTests/4222,1217,53,18687,15.355,451,5.93867,
StressTests/4223,1218,89,19321,15.8629,219,6.00183,
StressTests/4224,1216,140,18243,15.0025,297,5.81857,
StressTests/4225,1217,107,18737,15.3961,303,5.91831,
StressTests/4226,1216,70,18670,15.3536,368,5.92132,
StressTests/4227,1216,118,18950,15.5839,373,5.98214,
StressTests/4228,1215,95,18815,15.4856,404,5.96106,
StressTests/4229,1216,114,18460,15.1809,459,5.89621,
StressTests/4230,1215,68,18596,15.3053,296,5.88918,
StressTests/4231,1215,78,19094,15.7152,264,5.98608,
StressTests/4232,1214,105,18828,15.5091,430,5.9736,
StressTests/4233,1215,90,18740,15.4239,242,5.9065,
StressTests/4234,1215,102,18504,15.2296,412,5.89439,
StressTests/4235,1215,217,18493,15.2206,359,5.88621,
StressTests/4236,1215,130,19068,15.6938,262,5.97902,
StressTests/4237,1214,92,18099,14.9086,275,5.78854,
StressTests/4238,1214,81,18584,15.3081,436,5.92187,
StressTests/4239,1214,97,18116,14.9226,337,5.8071,
StressTests/4240,1214,77,18269,15.0486,264,5.8236,
StressTests/4241,1213,96,18526,15.2729,238,5.87394,
StressTests/4242,1212,206,18537,15.2946,334,5.89779,
StressTests/4243,1212,128,18765,15.4827,346,5.94938,
StressTests/4244,1212,67,18404,15.1848,256,5.85423,
StressTests/4245,1212,62,18265,15.0701,316,5.8376,
StressTests/4246,1211,74,18485,15.2642,230,5.8678,
StressTests/4247,1211,95,19368,15.9934,183,6.03138,
StressTests/4248,1209,97,19001,15.7163,264,5.99048,
StressTests/4249,1210,100,18751,15.4967,376,5.95922,
StressTests/4250,1210,82,18885,15.6074,317,5.97437,
StressTests/4251,1209,104,18634,15.4127,395,5.9422,
StressTests/4252,1209,103,18607,15.3904,497,5.95774,
StressTests/4253,1210,65,19628,16.2215,202,6.09255,
StressTests/4254,1209,60,18294,15.1315,333,5.8593,
StressTests/4255,1207,97,18205,15.0829,238,5.83196,
StressTests/4256,1208,90,18626,15.4189,291,5.92287,
StressTests/4257,1208,83,18280,15.1325,386,5.87021,
StressTests/4258,1207,99,18417,15.2585,308,5.88391,
StressTests/4259,1207,100,18436,15.2742,220,5.87011,
StressTests/4260,1207,89,18782,15.5609,259,5.95002,
StressTests/4261,1207,105,18406,15.2494,299,5.88422,
StressTests/4262,1207,125,18331,15.1872,294,5.86749,
StressTests/4263,1206,109,18478,15.3217,510,5.94351,
StressTests/4264,1205,112,18180,15.0871,529,5.8888,
StressTests/4265,1206,97,18360,15.2239,247,5.864,
StressTests/4266,1206,96,18671,15.4818,229,5.92523,
StressTests/4267,1205,121,19190,15.9253,309,6.05193,
StressTests/4268,1204,106,18295,15.1952,339,5.87643,
StressTests/4269,1204,82,18480,15.3488,228,5.89286,
StressTests/4270,1204,96,18558,15.4136,290,5.91618,
StressTests/4271,1204,175,17931,14.8929,303,5.79393,
StressTests/4272,1204,136,18733,15.559,399,5.98024,
StressTests/4273,1203,125,18163,15.0981,431,5.87829,
StressTests/4274,1203,108,18595,15.4572,376,5.94252,
StressTests/4275,1204,113,18800,15.6146,220,5.95633,
StressTests/4276,1202,110,18515,15.4035,458,5.95012,
StressTests/4277,1202,207,18001,14.9759,234,5.80083,
StressTests/4278,1202,78,18341,15.2587,343,5.89331,
StressTests/4279,1202,119,19055,15.8527,194,6.00791,
StressTests/4280,1202,92,18667,15.53,339,5.96084,
StressTests/4281,1202,101,18184,15.1281,288,5.84938,
StressTests/4282,1201,142,18502,15.4055,197,5.9,
StressTests/4283,1202,85,18092,15.0516,430,5.85842,
StressTests/4284,1202,105,18460,15.3577,197,5.88697,
StressTests/4285,1201,149,19006,15.8251,210,6.00539,
StressTests/4286,1201,98,18259,15.2032,269,5.86152,
StressTests/4287,1201,113,18551,15.4463,377,5.94745,
StressTests/4288,1201,84,18423,15.3397,278,5.90142,
StressTests/4289,1201,111,18340,15.2706,423,5.91324,
StressTests/4290,1201,218,18525,15.4246,316,5.92808,
StressTests/4291,1200,100,18852,15.71,251,5.98501,
StressTests/4292,1200,103,18289,15.2408,318,5.88604,
StressTests/4293,1200,103,18528,15.44,409,5.95304,
StressTests/4294,1200,108,18276,15.23,320,5.88144,
StressTests/4295,1200,166,17852,14.8767,293,5.78761,
StressTests/4296,1200,110,18173,15.1442,274,5.84874,
StressTests/4297,1200,150,18524,15.4367,293,5.9276,
StressTests/4298,1200,88,18241,15.2008,336,5.87812,
StressTests/4299,1198,99,18268,15.2487,212,5.86434,
StressTests/4300,1197,83,18768,15.6792,369,6.00481,
StressTests/4301,1197,114,18333,15.3158,341,5.90795,
StressTests/4302,1197,109,18598,15.5372,271,5.94915,
StressTests/4303,1197,92,18713,15.6332,265,5.96383,
StressTests/4304,1197,111,18651,15.5815,287,5.96237,
StressTests/4305,1195,109,18588,15.5548,352,5.96982,
StressTests/4306,1196,116,18350,15.3428,246,5.89649,
StressTests/4307,1195,127,18174,15.2084,313,5.87369,
StressTests/4308,1196,100,18981,15.8704,248,6.02549,
StressTests/4309,1196,91,18350,15.3428,259,5.89476,
StressTests/4310,1195,104,18201,15.231,277,5.87231,
StressTests/4311,1195,114,18474,15.4594,403,5.95661,
StressTests/4312,1194,117,18132,15.1859,283,5.86827,
StressTests/4313,1195,420,17828,14.9188,244,5.78944,
StressTests/4314,1195,120,18040,15.0962,282,5.83858,
StressTests/4315,1195,82,18105,15.1506,377,5.87382,
StressTests/4316,1194,72,18769,15.7194,167,5.96132,
StressTests/4317,1194,104,18481,15.4782,225,5.93202,
StressTests/4318,1194,114,18669,15.6357,174,5.96355,
StressTests/4319,1194,166,18218,15.258,333,5.89073,
StressTests/4320,1194,104,18194,15.2379,350,5.89008,
StressTests/4321,1192,114,18147,15.224,258,5.86809,
StressTests/4322,1193,112,18227,15.2783,347,5.89948,
StressTests/4323,1193,118,19824,16.6169,190,6.18333,
StressTests/4324,1192,106,18364,15.406,398,5.9414,
StressTests/4325,1192,102,18302,15.354,468,5.94411,
StressTests/4326,1193,77,18477,15.4878,249,5.93156,
StressTests/4327,1193,79,18932,15.8692,190,6.00374,
StressTests/4328,1192,102,18740,15.7215,312,6.00336,
StressTests/4329,1192,70,18103,15.1871,432,5.89414,
StressTests/4330,1192,112,18628,15.6275,351,5.98802,
StressTests/4331,1191,106,18616,15.6306,324,5.98381,
StressTests/4332,1191,102,18008,15.1201,475,5.88728,
StressTests/4333,1191,96,18295,15.361,244,5.89371,
StressTests/4334,1191,189,17559,14.7431,294,5.75782,
StressTests/4335,1191,86,18430,15.4744,184,5.91354,
StressTests/4336,1190,72,18301,15.379,364,5.92865,
StressTests/4337,1189,105,18581,15.6274,371,5.99305,
StressTests/4338,1190,85,17982,15.1109,452,5.88003,
StressTests/4339,1190,91,18407,15.4681,250,5.92596,
StressTests/4340,1190,96,18897,15.8798,213,6.0245,
StressTests/4341,1190,96,18124,15.2303,303,5.87962,
StressTests/4342,1190,87,18384,15.4487,344,5.94171,
StressTests/4343,1190,107,18942,15.9176,346,6.05251,
StressTests/4344,1189,89,18339,15.4239,321,5.93008,
StressTests/4345,1190,91,18007,15.1319,340,5.86096,
StressTests/4346,1188,107,18181,15.3039,286,5.89334,
StressTests/4347,1186,117,18039,15.2099,212,5.8538,
StressTests/4348,1187,113,18204,15.3361,256,5.89515,
StressTests/4349,1187,99,18296,15.4136,230,5.91772,
StressTests/4350,1187,54,17901,15.0809,492,5.88059,
StressTests/4351,1187,105,18292,15.4103,253,5.9125,
StressTests/4352,1187,113,18536,15.6158,324,5.97827,
StressTests/4353,1187,99,18758,15.8029,184,5.96188,
StressTests/4354,1187,92,19339,16.2923,296,6.13191,
StressTests/4355,1186,130,18182,15.3305,493,5.94489,
StressTests/4356,1185,74,18369,15.5013,433,5.97421,
StressTests/4357,1186,93,18165,15.3162,266,5.89318,
StressTests/4358,1186,85,18029,15.2015,325,5.874,
StressTests/4359,1185,102,18125,15.2954,351,5.90531,
StressTests/4360,1185,90,17981,15.1738,245,5.85397,
StressTests/4361,1184,106,18279,15.4383,267,5.92436,
StressTests/4362,1183,128,17773,15.0237,309,5.8285,
StressTests/4363,1184,100,17825,15.0549,517,5.88026,
StressTests/4364,1182,97,17901,15.1447,550,5.90994,
StressTests/4365,1183,157,18216,15.3981,322,5.92505,
StressTests/4366,1182,109,18469,15.6252,301,5.98497,
StressTests/4367,1182,113,18218,15.4129,369,5.93876,
StressTests/4368,1182,64,17200,14.5516,762,5.80631,
StressTests/4369,1181,68,18313,15.5064,371,5.96267,
StressTests/4370,1181,74,18031,15.2676,360,5.90053,
StressTests/4371,1181,99,17761,15.039,283,5.82694,
StressTests/4372,1181,126,18447,15.6198,220,5.96698,
StressTests/4373,1181,186,18432,15.6071,122,5.93601,
StressTests/4374,1180,247,17470,14.8051,256,5.76316,
StressTests/4375,1180,102,18016,15.2678,426,5.91467,
StressTests/4376,1179,119,17680,14.9958,259,5.81002,
StressTests/4377,1179,109,18283,15.5072,305,5.94901,
StressTests/4378,1179,102,18343,15.5581,384,5.97666,
StressTests/4379,1179,163,18586,15.7642,256,5.99642,
StressTests/4380,1179,191,18667,15.8329,276,6.0156,
StressTests/4381,1177,97,17927,15.2311,282,5.87343,
StressTests/4382,1178,82,17770,15.0849,546,5.89392,
StressTests/4383,1178,97,18394,15.6146,276,5.96696,
StressTests/4384,1178,142,18314,15.5467,263,5.95674,
StressTests/4385,1178,88,18127,15.3879,241,5.90631,
StressTests/4386,1178,87,18689,15.865,283,6.03338,
StressTests/4387,1176,110,17545,14.9192,320,5.80511,
StressTests/4388,1177,95,17988,15.2829,404,5.91468,
StressTests/4389,1177,88,18701,15.8887,175,6.02174,
StressTests/4390,1177,135,17780,15.1062,477,5.88529,
StressTests/4391,1177,112,18195,15.4588,334,5.94298,
StressTests/4392,1176,115,17523,14.9005,323,5.79796,
StressTests/4393,1175,152,18287,15.5634,315,5.96526,
StressTests/4394,1175,80,18140,15.4383,218,5.90836,
StressTests/4395,1175,91,18104,15.4077,369,5.93735,
StressTests/4396,1174,108,18140,15.4514,322,5.93817,
StressTests/4397,1174,98,18436,15.7036,219,5.97954,
StressTests/4398,1174,104,18107,15.4233,203,5.91293,
StressTests/4399,1174,94,18238,15.5349,239,5.93955,
StressTests/4400,1174,112,17937,15.2785,230,5.87407,
StressTests/4401,1173,152,18396,15.6829,265,5.98399,
StressTests/4402,1173,72,18115,15.4433,279,5.9272,
StressTests/4403,1172,63,17686,15.0904,286,5.84045,
StressTests/4404,1172,94,17684,15.0887,321,5.84704,
StressTests/4405,1173,112,17669,15.0631,294,5.83504,
StressTests/4406,1172,70,17979,15.3404,247,5.8953,
StressTests/4407,1171,113,18010,15.38,443,5.94632,
StressTests/4408,1172,75,17882,15.2577,314,5.88887,
StressTests/4409,1171,98,18362,15.6806,241,5.97649,
StressTests/4410,1172,156,17663,15.0708,417,5.86407,
StressTests/4411,1172,95,17952,15.3174,358,5.91575,
StressTests/4412,1171,108,18420,15.7301,320,6.00856,
StressTests/4413,1171,93,18147,15.497,369,5.95916,
StressTests/4414,1170,125,18140,15.5043,397,5.96515,
StressTests/4415,1171,104,18969,16.199,299,6.11921,
StressTests/4416,1171,159,18495,15.7942,131,5.9771,
StressTests/4417,1170,86,17810,15.2222,272,5.87155,
StressTests/4418,1170,123,18030,15.4103,372,5.94006,
StressTests/4419,1170,90,18128,15.494,255,5.93556,
StressTests/4420,1170,90,17654,15.0889,316,5.84736,
StressTests/4421,1169,104,17844,15.2643,399,5.90894,
StressTests/4422,1170,60,17636,15.0735,295,5.83854,
StressTests/4423,1169,141,18237,15.6005,220,5.95506,
StressTests/4424,1170,63,17912,15.3094,322,5.90396,
StressTests/4425,1170,135,18622,15.9162,224,6.03102,
StressTests/4426,1168,96,17913,15.3365,243,5.89453,
StressTests/4427,1169,91,18314,15.6664,311,5.99079,
StressTests/4428,1168,79,17739,15.1875,268,5.8576,
StressTests/4429,1168,91,17895,15.3211,220,5.89539,
StressTests/4430,1168,100,18268,15.6404,265,5.97406,
StressTests/4431,1168,68,17542,15.0188,305,5.82654,
StressTests/4432,1168,82,17804,15.2432,297,5.88375,
StressTests/4433,1167,84,17683,15.1525,236,5.8464,
StressTests/4434,1168,95,18087,15.4854,268,5.93445,
StressTests/4435,1167,108,18369,15.7404,259,5.99488,
StressTests/4436,1168,66,18812,16.1062,221,6.08413,
StressTests/4437,1168,166,18532,15.8664,219,6.01686,
StressTests/4438,1167,104,18378,15.7481,181,5.98284,
StressTests/4439,1167,72,18060,15.4756,306,5.94452,
StressTests/4440,1167,101,17857,15.3016,314,5.90019,
StressTests/4441,1166,106,18406,15.7856,260,6.00941,
StressTests/4442,1167,94,17618,15.0968,357,5.85812,
StressTests/4443,1166,100,18330,15.7204,281,5.99807,
StressTests/4444,1166,88,17719,15.1964,301,5.87055,
StressTests/4445,1166,114,17778,15.247,427,5.91108,
StressTests/4446,1165,89,17990,15.4421,318,5.93636,
StressTests/4447,1165,440,17573,15.0841,245,5.83054,
StressTests/4448,1165,66,18049,15.4927,333,5.95227,
StressTests/4449,1164,110,17944,15.4158,287,5.91906,
StressTests/4450,1164,70,18096,15.5464,338,5.96345,
StressTests/4451,1164,55,18054,15.5103,283,5.94599,
StressTests/4452,1164,102,17551,15.0782,235,5.82494,
StressTests/4453,1163,107,16488,14.1771,529,5.66509,
StressTests/4454,1163,124,17891,15.3835,403,5.93928,
StressTests/4455,1162,96,18189,15.6532,282,5.98213,
StressTests/4456,1161,109,17896,15.4143,257,5.91342,
StressTests/4457,1162,90,17594,15.1411,268,5.84978,
StressTests/4458,1161,99,18229,15.7011,349,6.00624,
StressTests/4459,1162,82,17611,15.1558,333,5.87002,
StressTests/4460,1160,100,17738,15.2914,291,5.89311,
StressTests/4461,1161,76,17849,15.3738,236,5.90108,
StressTests/4462,1161,77,17735,15.2756,296,5.8948,
StressTests/4463,1161,92,17249,14.857,400,5.81982,
StressTests/4464,1161,112,18466,15.9053,144,6.02425,
StressTests/4465,1160,117,18308,15.7828,349,6.02306,
StressTests/4466,1160,88,17535,15.1164,272,5.84869,
StressTests/4467,1160,126,17521,15.1043,299,5.84574,
StressTests/4468,1159,86,17613,15.1967,266,5.86324,
StressTests/4469,1160,90,17461,15.0526,271,5.82715,
StressTests/4470,1160,72,17760,15.3103,300,5.89961,
StressTests/4471,1160,51,17763,15.3129,252,5.89124,
StressTests/4472,1159,84,17292,14.9198,352,5.81249,
StressTests/4473,1157,107,17644,15.2498,351,5.90032,
StressTests/4474,1158,109,18084,15.6166,305,5.97772,
StressTests/4475,1157,73,17676,15.2774,282,5.88829,
StressTests/4476,1158,111,17631,15.2254,226,5.86069,
StressTests/4477,1158,94,18487,15.9646,211,6.04339,
StressTests/4478,1158,171,17780,15.3541,390,5.9295,
StressTests/4479,1157,45,17407,15.0449,213,5.81346,
StressTests/4480,1157,77,17970,15.5315,277,5.94943,
StressTests/4481,1156,106,17985,15.558,343,5.9714,
StressTests/4482,1157,192,18247,15.771,172,5.98055,
StressTests/4483,1157,62,17567,15.1832,312,5.87108,
StressTests/4484,1156,64,17838,15.4308,289,5.92699,
StressTests/4485,1156,138,17864,15.4533,228,5.91946,
StressTests/4486,1156,77,17759,15.3625,250,5.90228,
StressTests/4487,1156,247,17993,15.5649,286,5.95992,
StressTests/4488,1155,84,17864,15.4667,294,5.93713,
StressTests/4489,1154,102,17504,15.1681,256,5.85532,
StressTests/4490,1154,133,17595,15.247,230,5.86911,
StressTests/4491,1154,93,17544,15.2028,202,5.85619,
StressTests/4492,1154,88,18520,16.0485,234,6.05019,
StressTests/4493,1153,131,18064,15.667,265,5.98124,
StressTests/4494,1153,119,18013,15.6227,245,5.96645,
StressTests/4495,1153,98,17731,15.3781,359,5.93048,
StressTests/4496,1153,81,17634,15.294,249,5.88219,
StressTests/4497,1152,45,17565,15.2474,251,5.87348,
StressTests/4498,1152,58,17541,15.2266,179,5.84907,
StressTests/4499,1152,51,17737,15.3967,233,5.90747,
StressTests/4500,1152,84,17652,15.3229,358,5.91543,
StressTests/4501,1152,85,17591,15.27,385,5.90868,
StressTests/4502,1151,97,17772,15.4405,440,5.96344,
StressTests/4503,1151,118,17338,15.0634,320,5.85029,
StressTests/4504,1152,114,17519,15.2075,437,5.90593,
StressTests/4505,1152,72,17607,15.2839,283,5.88708,
StressTests/4506,1152,89,17422,15.1233,378,5.87305,
StressTests/4507,1152,86,16981,14.7405,255,5.74547,
StressTests/4508,1152,195,17704,15.3681,321,5.91828,
StressTests/4509,1151,115,18152,15.7706,293,6.01281,
StressTests/4510,1151,130,17291,15.0226,347,5.84145,
StressTests/4511,1150,113,17143,14.907,293,5.7973,
StressTests/4512,1149,95,17990,15.6571,312,5.9891,
StressTests/4513,1149,89,17730,15.4308,351,5.94179,
StressTests/4514,1149,101,18171,15.8146,232,6.01329,
StressTests/4515,1150,86,17844,15.5165,289,5.94882,
StressTests/4516,1150,95,18131,15.7661,327,6.02197,
StressTests/4517,1150,90,17495,15.213,238,5.85925,
StressTests/4518,1149,82,17933,15.6075,316,5.97755,
StressTests/4519,1148,93,17459,15.2082,209,5.85351,
StressTests/4520,1149,105,17267,15.0279,217,5.81024,
StressTests/4521,1149,103,17655,15.3655,276,5.91156,
StressTests/4522,1149,96,17617,15.3325,283,5.90238,
StressTests/4523,1149,82,17350,15.1001,268,5.83929,
StressTests/4524,1147,99,17847,15.5597,346,5.97424,
StressTests/4525,1148,89,17785,15.4922,405,5.96902,
StressTests/4526,1148,105,17687,15.4068,309,5.92669,
StressTests/4527,1148,97,17545,15.2831,291,5.89117,
StressTests/4528,1148,116,17723,15.4382,232,5.91531,
StressTests/4529,1148,121,17052,14.8537,392,5.80606,
StressTests/4530,1147,79,17650,15.388,223,5.90349,
StressTests/4531,1146,96,17627,15.3813,207,5.89266,
StressTests/4532,1146,123,17089,14.9119,312,5.80336,
StressTests/4533,1146,166,17435,15.2138,355,5.88748,
StressTests/4534,1147,70,17530,15.2833,261,5.88493,
StressTests/4535,1145,103,17646,15.4114,345,5.93504,
StressTests/4536,1146,50,17528,15.2949,264,5.88855,
StressTests/4537,1146,72,17608,15.3647,236,5.90109,
StressTests/4538,1145,87,17412,15.207,515,5.92217,
StressTests/4539,1145,100,17353,15.1555,308,5.86377,
StressTests/4540,1145,93,17971,15.6952,310,6.00022,
StressTests/4541,1145,98,16687,14.5738,413,5.7412,
StressTests/4542,1144,119,17292,15.1154,384,5.86849,
StressTests/4543,1144,80,18621,16.2771,235,6.11664,
StressTests/4544,1145,139,17922,15.6524,183,5.95783,
StressTests/4545,1143,95,16977,14.853,297,5.78675,
StressTests/4546,1144,69,19681,17.2037,161,6.29865,
StressTests/4547,1143,82,18192,15.916,201,6.02469,
StressTests/4548,1143,103,17424,15.2441,360,5.89617,
StressTests/4549,1143,91,17581,15.3815,198,5.9033,
StressTests/4550,1142,82,17746,15.5394,273,5.95197,
StressTests/4551,1142,101,17521,15.3424,402,5.93134,
StressTests/4552,1142,95,17989,15.7522,271,6.00395,
StressTests/4553,1142,92,17925,15.6961,255,5.98621,
StressTests/4554,1142,246,17227,15.0849,445,5.87629,
StressTests/4555,1142,87,17958,15.725,208,5.98379,
StressTests/4556,1141,94,17571,15.3996,346,5.93348,
StressTests/4557,1141,95,17198,15.0727,299,5.84219,
StressTests/4558,1141,125,17368,15.2217,354,5.88748,
StressTests/4559,1141,94,17557,15.3874,304,5.92119,
StressTests/4560,1140,83,17052,14.9579,315,5.81778,
StressTests/4561,1141,77,17213,15.0859,307,5.84894,
StressTests/4562,1140,103,17385,15.25,443,5.9187,
StressTests/4563,1140,131,17399,15.2623,257,5.886,
StressTests/4564,1139,88,17678,15.5206,357,5.96921,
StressTests/4565,1139,93,17675,15.518,206,5.9188,
StressTests/4566,1139,312,17516,15.3784,376,5.93275,
StressTests/4567,1139,56,17224,15.122,339,5.86255,
StressTests/4568,1138,84,17817,15.6564,203,5.96046,
StressTests/4569,1138,97,17898,15.7276,301,6.00812,
StressTests/4570,1138,130,16892,14.8436,369,5.80738,
StressTests/4571,1138,79,17737,15.5861,255,5.96038,
StressTests/4572,1138,156,17390,15.2812,363,5.90777,
StressTests/4573,1137,92,17610,15.4881,265,5.93599,
StressTests/4574,1137,83,17717,15.5822,282,5.96629,
StressTests/4575,1136,91,17220,15.1585,348,5.87773,
StressTests/4576,1135,116,17665,15.5639,260,5.95459,
StressTests/4577,1135,77,17367,15.3013,273,5.89387,
StressTests/4578,1136,71,17625,15.515,210,5.93275,
StressTests/4579,1136,108,17259,15.1928,394,5.89261,
StressTests/4580,1135,102,17975,15.837,265,6.02735,
StressTests/4581,1135,54,17542,15.4555,325,5.94328,
StressTests/4582,1135,106,17975,15.837,294,6.03698,
StressTests/4583,1134,85,17988,15.8624,158,6.01235,
StressTests/4584,1135,104,17431,15.3577,261,5.90168,
StressTests/4585,1133,83,16991,14.9965,246,5.81334,
StressTests/4586,1133,164,16837,14.8605,226,5.7725,
StressTests/4587,1134,90,17194,15.1623,243,5.85059,
StressTests/4588,1134,101,17351,15.3007,171,5.87039,
StressTests/4589,1133,80,17100,15.0927,256,5.83584,
StressTests/4590,1134,112,17943,15.8228,266,6.0221,
StressTests/4591,1133,116,17668,15.594,261,5.96597,
StressTests/4592,1133,76,17249,15.2242,327,5.88602,
StressTests/4593,1132,98,17619,15.5645,321,5.96838,
StressTests/4594,1132,73,17756,15.6855,263,5.98675,
StressTests/4595,1132,157,16748,14.7951,368,5.78898,
StressTests/4596,1131,76,17242,15.2449,227,5.86701,
StressTests/4597,1132,166,17146,15.1466,361,5.87409,
StressTests/4598,1132,310,17478,15.4399,374,5.95043,
StressTests/4599,1131,489,16599,14.6764,287,5.73959,
StressTests/4600,1131,49,17495,15.4686,209,5.91772,
StressTests/4601,1131,118,17875,15.8046,307,6.02634,
StressTests/4602,1129,110,17079,15.1275,303,5.85667,
StressTests/4603,1130,106,17217,15.2363,164,5.84612,
StressTests/4604,1130,115,17898,15.8389,301,6.03298,
StressTests/4605,1129,97,17277,15.3029,280,5.8955,
StressTests/4606,1129,82,17108,15.1532,229,5.85651,
StressTests/4607,1129,106,17240,15.2702,359,5.90481,
StressTests/4608,1129,125,17642,15.6262,253,5.97118,
StressTests/4609,1128,96,17348,15.3794,279,5.91565,
StressTests/4610,1128,155,17138,15.1933,283,5.86566,
StressTests/4611,1128,73,17359,15.3892,288,5.91853,
StressTests/4612,1128,127,17832,15.8085,299,6.02642,
StressTests/4613,1128,98,16955,15.031,359,5.84414,
StressTests/4614,1128,92,17112,15.1702,294,5.86708,
StressTests/4615,1128,158,17042,15.1082,316,5.8535,
StressTests/4616,1128,90,17280,15.3191,263,5.89609,
StressTests/4617,1128,126,17538,15.5479,325,5.96736,
StressTests/4618,1127,107,17850,15.8385,175,5.99229,
StressTests/4619,1127,94,17049,15.1278,263,5.84911,
StressTests/4620,1126,81,16857,14.9707,386,5.83863,
StressTests/4621,1125,90,17087,15.1884,235,5.85654,
StressTests/4622,1126,85,17283,15.349,395,5.93281,
StressTests/4623,1125,84,16808,14.9404,257,5.80756,
StressTests/4624,1124,69,17121,15.2322,317,5.88634,
StressTests/4625,1124,81,17127,15.2375,254,5.87305,
StressTests/4626,1125,75,16813,14.9449,310,5.81278,
StressTests/4627,1125,98,17438,15.5004,302,5.94903,
StressTests/4628,1124,90,17163,15.2696,392,5.91176,
StressTests/4629,1124,273,16726,14.8808,242,5.78882,
StressTests/4630,1124,53,16806,14.952,267,5.80717,
StressTests/4631,1124,62,19142,17.0302,208,6.26824,
StressTests/4632,1124,76,17392,15.4733,202,5.91996,
StressTests/4633,1124,79,17032,15.153,264,5.85469,
StressTests/4634,1123,90,17164,15.2841,223,5.879,
StressTests/4635,1123,101,17176,15.2947,261,5.89045,
StressTests/4636,1122,107,17605,15.6907,238,5.97782,
StressTests/4637,1121,70,16942,15.1133,304,5.85237,
StressTests/4638,1122,73,17198,15.328,409,5.93146,
StressTests/4639,1122,58,16921,15.0811,514,5.89174,
StressTests/4640,1122,70,16996,15.148,220,5.84286,
StressTests/4641,1122,107,17305,15.4234,311,5.93327,
StressTests/4642,1121,95,17294,15.4273,259,5.92213,
StressTests/4643,1122,78,16855,15.0223,540,5.88368,
StressTests/4644,1120,77,17487,15.6134,271,5.97227,
StressTests/4645,1119,100,17675,15.7954,218,6.00604,
StressTests/4646,1119,100,17106,15.2869,273,5.89011,
StressTests/4647,1120,100,17336,15.4786,371,5.96041,
StressTests/4648,1120,64,16712,14.9214,341,5.81574,
StressTests/4649,1120,106,17192,15.35,253,5.90188,
StressTests/4650,1120,74,17219,15.3741,314,5.9249,
StressTests/4651,1118,103,16938,15.1503,240,5.84621,
StressTests/4652,1119,78,17414,15.5621,187,5.95335,
StressTests/4653,1119,79,16756,14.9741,374,5.83479,
StressTests/4654,1119,91,16710,14.933,224,5.79355,
StressTests/4655,1118,69,16816,15.0411,386,5.85436,
StressTests/4656,1119,103,17002,15.1939,347,5.89589,
StressTests/4657,1119,69,17128,15.3065,203,5.87923,
StressTests/4658,1117,114,17550,15.7117,341,6.01097,
StressTests/4659,1118,64,17152,15.3417,266,5.89998,
StressTests/4660,1118,112,17506,15.6583,327,5.99507,
StressTests/4661,1116,173,16971,15.207,283,5.87407,
StressTests/4662,1116,77,17435,15.6228,307,5.98161,
StressTests/4663,1116,98,17174,15.3889,402,5.94523,
StressTests/4664,1115,151,17112,15.3471,303,5.91375,
StressTests/4665,1113,127,16426,14.7583,288,5.76181,
StressTests/4666,1113,77,17122,15.3836,241,5.90468,
StressTests/4667,1113,74,16963,15.2408,368,5.90074,
StressTests/4668,1112,86,16909,15.2059,202,5.85299,
StressTests/4669,1111,105,17322,15.5914,231,5.95103,
StressTests/4670,1111,87,17292,15.5644,356,5.97815,
StressTests/4671,1112,84,17172,15.4424,276,5.93062,
StressTests/4672,1112,83,16871,15.1718,214,5.84619,
StressTests/4673,1112,76,17145,15.4182,255,5.9198,
StressTests/4674,1110,96,17435,15.7072,249,5.99053,
StressTests/4675,1111,97,17283,15.5563,305,5.96573,
StressTests/4676,1111,100,17442,15.6994,377,6.0151,
StressTests/4677,1111,83,17496,15.748,241,5.99932,
StressTests/4678,1111,107,17313,15.5833,336,5.97948,
StressTests/4679,1109,87,17003,15.3318,291,5.9056,
StressTests/4680,1110,73,17316,15.6,256,5.96371,
StressTests/4681,1110,146,17196,15.4919,189,5.92197,
StressTests/4682,1110,85,17066,15.3748,210,5.90671,
StressTests/4683,1110,98,16760,15.0991,372,5.87235,
StressTests/4684,1108,90,17051,15.389,172,5.89582,
StressTests/4685,1109,102,17431,15.7178,312,6.00474,
StressTests/4686,1107,78,17133,15.477,352,5.95679,
StressTests/4687,1108,118,16940,15.2888,229,5.88269,
StressTests/4688,1108,66,16945,15.2933,249,5.88969,
StressTests/4689,1108,58,16638,15.0162,295,5.82757,
StressTests/4690,1107,85,17287,15.6161,305,5.98009,
StressTests/4691,1108,153,16955,15.3023,364,5.91213,
StressTests/4692,1108,155,16792,15.1552,209,5.84192,
StressTests/4693,1107,52,16851,15.2222,343,5.88964,
StressTests/4694,1107,79,16955,15.3162,302,5.90387,
StressTests/4695,1106,86,17105,15.4656,278,5.9298,
StressTests/4696,1106,140,16386,14.8156,464,5.81653,
StressTests/4697,1106,85,16534,14.9494,508,5.86002,
StressTests/4698,1106,77,17192,15.5443,272,5.9552,
StressTests/4699,1106,223,16865,15.2486,357,5.89903,
StressTests/4700,1106,55,17112,15.472,331,5.95041,
StressTests/4701,1104,72,16142,14.6214,373,5.74564,
StressTests/4702,1104,81,16696,15.1232,242,5.84601,
StressTests/4703,1103,61,17359,15.738,317,6.01385,
StressTests/4704,1103,90,16564,15.0172,385,5.849,
StressTests/4705,1104,97,16831,15.2455,279,5.88181,
StressTests/4706,1103,106,16664,15.1079,293,5.85445,
StressTests/4707,1103,81,17496,15.8622,247,6.02766,
StressTests/4708,1102,86,16700,15.1543,410,5.88952,
StressTests/4709,1102,98,16645,15.1044,319,5.86025,
StressTests/4710,1102,90,17205,15.6125,209,5.95689,
StressTests/4711,1101,105,16857,15.3106,353,5.9165,
StressTests/4712,1102,127,17119,15.5345,288,5.95213,
StressTests/4713,1102,88,16517,14.9882,291,5.82087,
StressTests/4714,1102,84,16729,15.1806,418,5.89793,
StressTests/4715,1101,98,16571,15.0509,465,5.87622,
StressTests/4716,1101,88,16850,15.3043,477,5.94047,
StressTests/4717,1101,69,16426,14.9192,255,5.79545,
StressTests/4718,1100,80,17030,15.4818,232,5.9289,
StressTests/4719,1101,84,17315,15.7266,337,6.00826,
StressTests/4720,1100,78,18783,17.0755,231,6.34976,
StressTests/4721,1101,89,17285,15.6994,298,5.99705,
StressTests/4722,1100,105,17393,15.8118,256,6.01935,
StressTests/4723,1099,94,16961,15.4331,342,5.94415,
StressTests/4724,1100,104,17290,15.7182,253,5.99522,
StressTests/4725,1100,72,16812,15.2836,245,5.88479,
StressTests/4726,1099,83,16525,15.0364,336,5.84552,
StressTests/4727,1099,96,16331,14.8599,334,5.80055,
StressTests/4728,1098,137,16783,15.2851,245,5.88674,
StressTests/4729,1098,117,16837,15.3342,177,5.88922,
StressTests/4730,1098,102,16864,15.3588,192,5.88993,
StressTests/4731,1097,82,16505,15.0456,219,5.81715,
StressTests/4732,1096,51,17002,15.5128,394,5.97623,
StressTests/4733,1097,114,17190,15.67,326,6,
StressTests/4734,1097,73,16904,15.4093,241,5.91395,
StressTests/4735,1097,99,17167,15.649,230,5.97106,
StressTests/4736,1096,74,16643,15.1852,425,5.90126,
StressTests/4737,1096,77,16897,15.417,254,5.91844,
StressTests/4738,1095,95,16243,14.8338,381,5.80238,
StressTests/4739,1096,95,16844,15.3686,299,5.91893,
StressTests/4740,1094,79,17076,15.6088,199,5.95582,
StressTests/4741,1095,77,17068,15.5872,305,5.97234,
StressTests/4742,1094,117,16978,15.5192,349,5.96703,
StressTests/4743,1095,56,16630,15.1872,156,5.83523,
StressTests/4744,1095,90,16274,14.8621,185,5.76318,
StressTests/4745,1094,125,16699,15.2642,310,5.89425,
StressTests/4746,1095,185,16591,15.1516,373,5.88103,
StressTests/4747,1095,102,16477,15.0475,265,5.83093,
StressTests/4748,1094,107,16265,14.8675,263,5.78647,
StressTests/4749,1094,106,16681,15.2477,189,5.86083,
StressTests/4750,1094,43,16718,15.2815,277,5.89021,
StressTests/4751,1091,90,16416,15.0467,284,5.83375,
StressTests/4752,1092,104,16589,15.1914,386,5.89424,
StressTests/4753,1091,95,16699,15.3061,270,5.89624,
StressTests/4754,1091,60,16759,15.3611,263,5.90909,
StressTests/4755,1089,83,16974,15.5868,343,5.98713,
StressTests/4756,1089,87,16770,15.3994,466,5.96503,
StressTests/4757,1090,97,16077,14.7495,384,5.78327,
StressTests/4758,1090,91,16229,14.889,344,5.80941,
StressTests/4759,1090,153,17079,15.6688,245,5.98104,
StressTests/4760,1090,121,17141,15.7257,184,5.97619,
StressTests/4761,1088,100,16705,15.3539,285,5.91204,
StressTests/4762,1088,106,16515,15.1792,558,5.92723,
StressTests/4763,1089,86,16999,15.6097,315,5.98298,
StressTests/4764,1088,85,16269,14.9531,339,5.81906,
StressTests/4765,1089,124,16585,15.2296,257,5.87402,
StressTests/4766,1089,76,16686,15.3223,260,5.89765,
StressTests/4767,1087,145,16446,15.1297,276,5.85793,
StressTests/4768,1088,89,16982,15.6085,202,5.95933,
StressTests/4769,1087,77,16757,15.4158,276,5.92111,
StressTests/4770,1087,76,17057,15.6918,279,5.99401,
StressTests/4771,1087,115,16850,15.5014,298,5.95206,
StressTests/4772,1087,95,16423,15.1086,488,5.89517,
StressTests/4773,1087,107,16896,15.5437,416,5.98986,
StressTests/4774,1087,88,16470,15.1518,462,5.90228,
StressTests/4775,1087,103,16891,15.5391,237,5.93042,
StressTests/4776,1087,102,17079,15.7121,333,6.01291,
StressTests/4777,1086,101,16568,15.256,452,5.92618,
StressTests/4778,1086,73,16967,15.6234,279,5.97604,
StressTests/4779,1087,305,16468,15.15,307,5.86542,
StressTests/4780,1087,77,16705,15.368,308,5.91624,
StressTests/4781,1086,88,16749,15.4227,270,5.9251,
StressTests/4782,1087,86,16385,15.0736,339,5.85434,
StressTests/4783,1085,98,17094,15.7548,210,5.99495,
StressTests/4784,1085,101,16997,15.6654,328,5.99931,
StressTests/4785,1086,97,16156,14.8766,300,5.79894,
StressTests/4786,1085,87,16724,15.4138,243,5.91667,
StressTests/4787,1086,79,16613,15.2974,299,5.90219,
StressTests/4788,1085,90,17337,15.9788,277,6.06648,
StressTests/4789,1085,109,16905,15.5806,331,5.97831,
StressTests/4790,1084,83,16296,15.0332,278,5.83056,
StressTests/4791,1084,112,18140,16.7343,181,6.22232,
StressTests/4792,1085,141,16703,15.3945,239,5.91071,
StressTests/4793,1084,76,16482,15.2048,217,5.85926,
StressTests/4794,1085,75,16455,15.1659,243,5.85513,
StressTests/4795,1085,168,17130,15.788,213,6.00253,
StressTests/4796,1085,77,16386,15.1023,453,5.88203,
StressTests/4797,1084,101,16703,15.4087,218,5.90907,
StressTests/4798,1083,77,16075,14.843,524,5.8395,
StressTests/4799,1084,97,16791,15.4899,325,5.95472,
StressTests/4800,1084,73,16421,15.1485,294,5.8576,
StressTests/4801,1084,83,16507,15.2279,249,5.87087,
StressTests/4802,1084,97,16606,15.3192,202,5.87979,
StressTests/4803,1083,103,16550,15.2816,252,5.89774,
StressTests/4804,1083,103,16800,15.5125,333,5.96346,
StressTests/4805,1083,99,16731,15.4488,330,5.94656,
StressTests/4806,1083,70,16582,15.3112,271,5.89968,
StressTests/4807,1082,97,16596,15.3383,274,5.90405,
StressTests/4808,1082,72,16706,15.4399,226,5.92014,
StressTests/4809,1082,257,16111,14.89,190,5.77466,
StressTests/4810,1082,131,16156,14.9316,274,5.80389,
StressTests/4811,1082,76,16659,15.3965,211,5.90331,
StressTests/4812,1081,146,16343,15.1184,263,5.84874,
StressTests/4813,1081,69,16518,15.2803,218,5.87882,
StressTests/4814,1081,71,17058,15.7798,194,6.01123,
StressTests/4815,1081,94,16580,15.3377,240,5.89709,
StressTests/4816,1079,101,16655,15.4356,403,5.96053,
StressTests/4817,1080,84,16497,15.275,284,5.891,
StressTests/4818,1080,72,17089,15.8231,279,6.01133,
StressTests/4819,1079,70,16555,15.3429,422,5.94172,
StressTests/4820,1079,158,15761,14.607,308,5.7348,
StressTests/4821,1079,92,16397,15.1965,277,5.87007,
StressTests/4822,1079,79,16856,15.6219,251,5.97216,
StressTests/4823,1078,76,15906,14.7551,368,5.78201,
StressTests/4824,1078,102,15933,14.7801,368,5.78829,
StressTests/4825,1077,109,16991,15.7762,240,6.00767,
StressTests/4826,1077,92,16627,15.4383,226,5.92006,
StressTests/4827,1076,94,16651,15.4749,150,5.91442,
StressTests/4828,1077,99,16852,15.6472,236,5.97488,
StressTests/4829,1077,103,16095,14.9443,384,5.83349,
StressTests/4830,1077,88,16338,15.1699,404,5.89439,
StressTests/4831,1076,70,16642,15.4665,234,5.93068,
StressTests/4832,1075,120,16250,15.1163,338,5.86486,
StressTests/4833,1075,83,16746,15.5777,321,5.9774,
StressTests/4834,1076,117,16862,15.671,272,5.98929,
StressTests/4835,1076,71,16380,15.223,222,5.86308,
StressTests/4836,1074,35,16836,15.676,251,5.98485,
StressTests/4837,1074,98,16624,15.4786,221,5.92394,
StressTests/4838,1075,88,16604,15.4456,254,5.93222,
StressTests/4839,1075,108,16595,15.4372,140,5.90232,
StressTests/4840,1075,75,16389,15.2456,231,5.87238,
StressTests/4841,1075,111,16250,15.1163,278,5.85422,
StressTests/4842,1074,62,16003,14.9004,288,5.79888,
StressTests/4843,1074,91,16681,15.5317,279,5.95569,
StressTests/4844,1074,71,16276,15.1546,272,5.86061,
StressTests/4845,1074,93,16181,15.0661,351,5.85544,
StressTests/4846,1074,62,16329,15.2039,372,5.89573,
StressTests/4847,1073,85,16662,15.5284,236,5.94267,
StressTests/4848,1072,109,17057,15.9114,283,6.04946,
StressTests/4849,1073,114,16385,15.2703,361,5.90994,
StressTests/4850,1073,52,16790,15.6477,226,5.9734,
StressTests/4851,1072,91,16454,15.3489,241,5.90161,
StressTests/4852,1073,106,16858,15.7111,283,5.9986,
StressTests/4853,1073,80,16515,15.3914,242,5.91244,
StressTests/4854,1072,94,16210,15.1213,264,5.84897,
StressTests/4855,1071,108,16324,15.2418,298,5.88788,
StressTests/4856,1072,134,16483,15.3759,333,5.92989,
StressTests/4857,1072,79,16621,15.5047,268,5.94465,
StressTests/4858,1072,98,16933,15.7957,205,5.98517,
StressTests/4859,1071,95,16723,15.6144,233,5.96402,
StressTests/4860,1070,78,16671,15.5804,307,5.97449,
StressTests/4861,1071,218,15864,14.8123,258,5.77715,
StressTests/4862,1071,75,16178,15.1055,260,5.84306,
StressTests/4863,1071,115,15949,14.8917,328,5.80645,
StressTests/4864,1071,76,16234,15.1578,263,5.86623,
StressTests/4865,1070,97,16368,15.2972,200,5.87848,
StressTests/4866,1070,89,16425,15.3505,339,5.9258,
StressTests/4867,1070,89,16710,15.6168,290,5.9801,
StressTests/4868,1070,62,15890,14.8505,267,5.77954,
StressTests/4869,1069,74,16717,15.638,207,5.96791,
StressTests/4870,1070,105,16321,15.2533,270,5.88224,
StressTests/4871,1070,70,16184,15.1252,300,5.85952,
StressTests/4872,1069,236,16191,15.1459,187,5.83879,
StressTests/4873,1069,65,16241,15.1927,462,5.91446,
StressTests/4874,1068,105,16748,15.6816,364,6.0136,
StressTests/4875,1068,107,16031,15.0103,370,5.84729,
StressTests/4876,1068,99,16732,15.6667,294,5.99063,
StressTests/4877,1067,93,16680,15.6326,302,5.98756,
StressTests/4878,1067,173,16298,15.2746,339,5.90632,
StressTests/4879,1067,190,16149,15.135,354,5.87485,
StressTests/4880,1066,166,15493,14.5338,367,5.72586,
StressTests/4881,1065,103,16675,15.6573,179,5.9702,
StressTests/4882,1066,117,16667,15.6351,224,5.97411,
StressTests/4883,1064,107,16488,15.4962,261,5.94353,
StressTests/4884,1065,81,15725,14.7653,230,5.75511,
StressTests/4885,1065,99,16001,15.0244,572,5.89861,
StressTests/4886,1063,82,16417,15.444,349,5.94913,
StressTests/4887,1063,102,17052,16.0414,207,6.06763,
StressTests/4888,1063,92,16514,15.5353,288,5.96255,
StressTests/4889,1064,71,16354,15.3703,217,5.90527,
StressTests/4890,1064,60,16391,15.4051,191,5.90243,
StressTests/4891,1064,71,16182,15.2086,435,5.91264,
StressTests/4892,1063,82,16238,15.2756,250,5.8869,
StressTests/4893,1063,88,15883,14.9417,275,5.80688,
StressTests/4894,1063,106,16391,15.4196,257,5.92281,
StressTests/4895,1062,85,16269,15.3192,357,5.92215,
StressTests/4896,1063,99,15938,14.9934,302,5.82119,
StressTests/4897,1062,76,17547,16.5226,184,6.14992,
StressTests/4898,1061,94,16323,15.3845,345,5.93583,
StressTests/4899,1061,92,16441,15.4958,341,5.96269,
StressTests/4900,1062,75,16507,15.5433,295,5.96182,
StressTests/4901,1061,113,16573,15.6202,228,5.96346,
StressTests/4902,1061,75,16078,15.1536,341,5.87885,
StressTests/4903,1062,71,17062,16.0659,199,6.05791,
StressTests/4904,1061,76,15938,15.0217,258,5.82402,
StressTests/4905,1061,70,16153,15.2243,225,5.86722,
StressTests/4906,1061,93,16475,15.5278,241,5.94509,
StressTests/4907,1060,85,15820,14.9245,293,5.81049,
StressTests/4908,1060,214,16269,15.3481,174,5.8857,
StressTests/4909,1059,96,16201,15.2984,210,5.87847,
StressTests/4910,1060,73,16213,15.2953,252,5.88981,
StressTests/4911,1059,109,16007,15.1152,273,5.85099,
StressTests/4912,1058,65,15949,15.0747,265,5.84023,
StressTests/4913,1059,105,16541,15.6195,238,5.96763,
StressTests/4914,1058,75,15951,15.0766,282,5.84544,
StressTests/4915,1057,83,15873,15.017,270,5.82587,
StressTests/4916,1058,99,16635,15.7231,319,6.01468,
StressTests/4917,1058,81,15855,14.9858,411,5.85136,
StressTests/4918,1058,91,16013,15.1352,284,5.86103,
StressTests/4919,1058,174,16608,15.6975,257,5.98082,
StressTests/4920,1058,131,16143,15.258,241,5.88074,
StressTests/4921,1058,50,15810,14.9433,382,5.83424,
StressTests/4922,1057,84,15816,14.9631,299,5.81853,
StressTests/4923,1056,125,15905,15.0616,287,5.85069,
StressTests/4924,1056,107,15889,15.0464,326,5.84698,
StressTests/4925,1056,180,16102,15.2481,244,5.87996,
StressTests/4926,1055,97,16569,15.7052,348,6.01181,
StressTests/4927,1055,78,16088,15.2493,250,5.87963,
StressTests/4928,1055,85,16352,15.4995,244,5.93229,
StressTests/4929,1055,81,15762,14.9403,241,5.80057,
StressTests/4930,1055,71,15624,14.8095,358,5.79355,
StressTests/4931,1055,70,15611,14.7972,304,5.78209,
StressTests/4932,1054,177,15668,14.8653,293,5.79417,
StressTests/4933,1055,99,16567,15.7033,310,6.00332,
StressTests/4934,1055,77,16444,15.5867,233,5.96066,
StressTests/4935,1055,79,16154,15.3118,430,5.93826,
StressTests/4936,1053,37,15647,14.8594,279,5.79002,
StressTests/4937,1054,133,16464,15.6205,237,5.96888,
StressTests/4938,1053,90,16463,15.6344,268,5.99293,
StressTests/4939,1054,91,16274,15.4402,192,5.91368,
StressTests/4940,1054,92,16428,15.5863,243,5.96245,
StressTests/4941,1054,225,15952,15.1347,367,5.87901,
StressTests/4942,1054,129,16367,15.5285,300,5.96292,
StressTests/4943,1053,96,16214,15.3979,208,5.90773,
StressTests/4944,1052,92,16486,15.6711,231,5.98119,
StressTests/4945,1053,79,16332,15.51,300,5.95838,
StressTests/4946,1052,88,15791,15.0105,464,5.87116,
StressTests/4947,1053,89,16178,15.3637,240,5.9087,
StressTests/4948,1052,92,15977,15.1873,287,5.87176,
StressTests/4949,1052,64,15694,14.9183,364,5.82833,
StressTests/4950,1052,65,16051,15.2576,370,5.91069,
StressTests/4951,1052,95,15860,15.076,194,5.82058,
StressTests/4952,1052,89,16009,15.2177,264,5.87393,
StressTests/4953,1051,92,15785,15.019,337,5.84135,
StressTests/4954,1051,82,15966,15.1912,254,5.86517,
StressTests/4955,1052,103,16458,15.6445,353,6.00357,
StressTests/4956,1052,100,16619,15.7975,402,6.05998,
StressTests/4957,1051,79,15951,15.177,296,5.87294,
StressTests/4958,1051,69,16040,15.2617,422,5.9242,
StressTests/4959,1051,99,16218,15.431,440,5.96644,
StressTests/4960,1050,82,16458,15.6743,268,5.98881,
StressTests/4961,1050,79,15946,15.1867,257,5.86549,
StressTests/4962,1050,82,15979,15.2181,259,5.87357,
StressTests/4963,1051,80,16239,15.451,272,5.93601,
StressTests/4964,1050,85,16179,15.4086,272,5.92603,
StressTests/4965,1049,77,16086,15.3346,244,5.89857,
StressTests/4966,1049,96,16116,15.3632,252,5.90738,
StressTests/4967,1048,86,16154,15.4141,300,5.93354,
StressTests/4968,1048,98,15887,15.1594,211,5.84893,
StressTests/4969,1048,108,16316,15.5687,264,5.97231,
StressTests/4970,1047,116,16370,15.6351,320,5.99259,
StressTests/4971,1047,101,16331,15.5979,322,5.98973,
StressTests/4972,1047,71,15947,15.2311,304,5.88838,
StressTests/4973,1047,123,16304,15.5721,188,5.94489,
StressTests/4974,1046,78,16021,15.3164,252,5.89772,
StressTests/4975,1047,83,16154,15.4288,261,5.92797,
StressTests/4976,1046,93,15554,14.87,283,5.7943,
StressTests/4977,1046,95,16308,15.5908,300,5.97559,
StressTests/4978,1046,75,16140,15.4302,181,5.90035,
StressTests/4979,1046,229,16219,15.5057,324,5.96145,
StressTests/4980,1046,73,15236,14.566,343,5.73049,
StressTests/4981,1045,81,15909,15.2239,226,5.86563,
StressTests/4982,1045,87,15653,14.9789,353,5.83549,
StressTests/4983,1045,92,16083,15.3904,98,5.86917,
StressTests/4984,1045,90,16074,15.3818,264,5.91565,
StressTests/4985,1045,102,15668,14.9933,353,5.84105,
StressTests/4986,1043,92,15994,15.3346,244,5.89969,
StressTests/4987,1044,90,16445,15.7519,252,6.006,
StressTests/4988,1044,102,15878,15.2088,420,5.91121,
StressTests/4989,1044,89,16618,15.9176,299,6.04913,
StressTests/4990,1043,105,15859,15.2052,292,5.87913,
StressTests/4991,1044,90,15747,15.0833,177,5.82603,
StressTests/4992,1044,240,16110,15.431,392,5.96064,
StressTests/4993,1043,102,16533,15.8514,178,6.01441,
StressTests/4994,1043,84,15836,15.1831,296,5.87422,
StressTests/4995,1042,108,16330,15.6718,150,5.94875,
StressTests/4996,1041,78,15808,15.1854,255,5.86583,
StressTests/4997,1041,270,15496,14.8857,277,5.79702,
StressTests/4998,1042,72,15661,15.0298,284,5.83365,
StressTests/4999,1042,86,15781,15.1449,226,5.84795,
StressTests/5000,1042,61,16420,15.7582,231,6.00216,
StressTests/5001,1042,98,15949,15.3061,279,5.90324,
StressTests/5002,1040,58,15779,15.1721,294,5.87145,
StressTests/5003,1040,30,15780,15.1731,245,5.86155,
StressTests/5004,1041,50,15773,15.1518,274,5.86401,
StressTests/5005,1041,78,16209,15.5706,341,5.98315,
StressTests/5006,1040,79,16246,15.6212,280,5.98121,
StressTests/5007,1039,46,15408,14.8296,298,5.78742,
StressTests/5008,1040,38,15926,15.3135,352,5.91911,
StressTests/5009,1040,38,15859,15.249,469,5.93351,
StressTests/5010,1040,56,15880,15.2692,357,5.91065,
StressTests/5011,1039,111,15700,15.1107,378,5.87702,
StressTests/5012,1038,53,15534,14.9653,217,5.8012,
StressTests/5013,1039,48,15830,15.2358,352,5.90046,
StressTests/5014,1039,41,16018,15.4167,351,5.94719,
StressTests/5015,1039,56,16140,15.5342,299,5.96264,
StressTests/5016,1039,68,15581,14.9962,277,5.82237,
StressTests/5017,1039,58,15467,14.8864,316,5.80679,
StressTests/5018,1038,69,16933,16.3131,171,6.14145,
StressTests/5019,1039,222,16053,15.4504,297,5.94146,
StressTests/5020,1038,48,15998,15.4123,240,5.91992,
StressTests/5021,1038,31,15918,15.3353,280,5.90911,
StressTests/5022,1038,35,16253,15.658,322,6.00216,
StressTests/5023,1037,73,16334,15.7512,155,5.98254,
StressTests/5024,1037,62,16507,15.918,252,6.05005,
StressTests/5025,1038,62,15317,14.7563,340,5.78022,
StressTests/5026,1038,53,15743,15.1667,261,5.86206,
StressTests/5027,1037,48,15782,15.2189,279,5.87971,
StressTests/5028,1038,85,15463,14.8969,246,5.79186,
StressTests/5029,1038,39,16240,15.6455,210,5.97624,
StressTests/5030,1038,116,16072,15.4836,376,5.96911,
StressTests/5031,1037,73,15831,15.2662,192,5.87225,
StressTests/5032,1036,57,16489,15.916,206,6.03656,
StressTests/5033,1037,51,15729,15.1678,279,5.86798,
StressTests/5034,1035,41,16051,15.5082,184,5.93067,
StressTests/5035,1036,92,15846,15.2954,293,5.90305,
StressTests/5036,1035,45,16051,15.5082,325,5.96394,
StressTests/5037,1036,68,15777,15.2288,298,5.88755,
StressTests/5038,1035,100,16249,15.6995,201,5.97902,
StressTests/5039,1035,67,16244,15.6947,243,5.98937,
StressTests/5040,1035,69,16376,15.8222,227,6.0162,
StressTests/5041,1035,68,16195,15.6473,320,5.99782,
StressTests/5042,1035,201,15652,15.1227,396,5.88477,
StressTests/5043,1035,63,15770,15.2367,331,5.89483,
StressTests/5044,1035,81,16139,15.5932,211,5.96306,
StressTests/5045,1034,44,16202,15.6692,375,6.01231,
StressTests/5046,1034,55,15355,14.8501,338,5.80252,
StressTests/5047,1034,66,15694,15.1779,287,5.87291,
StressTests/5048,1034,37,16159,15.6277,232,5.97033,
StressTests/5049,1034,32,15600,15.087,263,5.84342,
StressTests/5050,1034,117,16281,15.7456,216,5.99473,
StressTests/5051,1033,72,15110,14.6273,310,5.74074,
StressTests/5052,1033,75,15824,15.3185,221,5.89158,
StressTests/5053,1032,47,15544,15.062,281,5.85053,
StressTests/5054,1033,60,16081,15.5673,336,5.99641,
StressTests/5055,1032,84,15726,15.2384,291,5.88768,
StressTests/5056,1033,28,15714,15.212,261,5.86657,
StressTests/5057,1032,42,15938,15.4438,303,5.94369,
StressTests/5058,1033,56,15872,15.365,266,5.91228,
StressTests/5059,1032,71,15726,15.2384,211,5.86797,
StressTests/5060,1032,60,15799,15.3091,295,5.91336,
StressTests/5061,1032,54,15929,15.4351,242,5.92058,
StressTests/5062,1032,82,15190,14.719,377,5.77932,
StressTests/5063,1032,34,15525,15.0436,288,5.8375,
StressTests/5064,1032,124,16061,15.563,271,5.96504,
StressTests/5065,1030,75,15976,15.5107,290,5.95575,
StressTests/5066,1030,45,15800,15.3398,326,5.92265,
StressTests/5067,1031,37,15799,15.324,288,5.90841,
StressTests/5068,1031,50,15337,14.8758,347,5.81142,
StressTests/5069,1031,102,15591,15.1222,264,5.85045,
StressTests/5070,1030,52,16000,15.534,239,5.95063,
StressTests/5071,1031,29,16021,15.5393,264,5.95509,
StressTests/5072,1031,34,16230,15.742,319,6.01722,
StressTests/5073,1031,30,15792,15.3172,275,5.9045,
StressTests/5074,1031,64,15721,15.2483,401,5.91378,
StressTests/5075,1029,48,16407,15.9446,419,6.08686,
StressTests/5076,1029,33,15887,15.4393,344,5.95203,
StressTests/5077,1030,171,15451,15.001,255,5.81776,
StressTests/5078,1030,81,16294,15.8194,213,6.01717,
StressTests/5079,1030,124,15761,15.3019,306,5.90783,
StressTests/5080,1028,85,15825,15.394,261,5.92055,
StressTests/5081,1029,51,15380,14.9466,287,5.81471,
StressTests/5082,1029,47,15172,14.7444,344,5.77751,
StressTests/5083,1029,32,16007,15.5559,222,5.9494,
StressTests/5084,1028,39,15769,15.3395,356,5.93005,
StressTests/5085,1028,40,15891,15.4582,286,5.94278,
StressTests/5086,1028,49,15405,14.9854,335,5.83622,
StressTests/5087,1028,96,15863,15.4309,339,5.94786,
StressTests/5088,1028,35,15574,15.1498,270,5.86278,
StressTests/5089,1028,59,16081,15.643,234,5.97239,
StressTests/5090,1027,49,15869,15.4518,249,5.93203,
StressTests/5091,1027,46,15949,15.5297,365,5.98122,
StressTests/5092,1025,32,15384,15.0088,447,5.86971,
StressTests/5093,1025,35,14952,14.5873,227,5.74862,
StressTests/5094,1026,55,16088,15.6803,205,5.97386,
StressTests/5095,1026,114,15492,15.0994,303,5.85714,
StressTests/5096,1026,38,15695,15.2973,238,5.89051,
StressTests/5097,1024,79,15829,15.458,255,5.93382,
StressTests/5098,1024,57,15392,15.0312,369,5.8562,
StressTests/5099,1025,71,15491,15.1132,344,5.86463,
StressTests/5100,1025,74,15491,15.1132,245,5.84696,
StressTests/5101,1024,94,15810,15.4395,282,5.93664,
StressTests/5102,1024,38,15614,15.248,422,5.92031,
StressTests/5103,1024,50,16090,15.7129,196,5.98193,
StressTests/5104,1023,46,15748,15.3939,211,5.93332,
StressTests/5105,1024,278,15551,15.1865,360,5.89237,
StressTests/5106,1022,37,15474,15.1409,222,5.85098,
StressTests/5107,1022,63,15439,15.1067,435,5.89118,
StressTests/5108,1023,49,15533,15.1838,372,5.89542,
StressTests/5109,1022,54,15666,15.3288,387,5.93552,
StressTests/5110,1023,64,15657,15.305,318,5.91338,
StressTests/5111,1022,43,15535,15.2006,286,5.88232,
StressTests/5112,1022,35,15880,15.5382,276,5.96056,
StressTests/5113,1022,54,15783,15.4432,201,5.92117,
StressTests/5114,1022,54,15449,15.1164,293,5.85991,
StressTests/5115,1022,82,16129,15.7818,209,6.00661,
StressTests/5116,1020,81,15460,15.1569,313,5.87319,
StressTests/5117,1021,56,15444,15.1263,243,5.84863,
StressTests/5118,1020,465,15345,15.0441,223,5.82539,
StressTests/5119,1020,42,15652,15.3451,255,5.90574,
StressTests/5120,1021,50,15611,15.2899,273,5.89324,
StressTests/5121,1019,56,15720,15.4269,217,5.9165,
StressTests/5122,1019,99,15171,14.8881,308,5.80476,
StressTests/5123,1019,58,15306,15.0206,244,5.8237,
StressTests/5124,1019,63,15860,15.5643,306,5.97492,
StressTests/5125,1020,63,15926,15.6137,278,5.98035,
StressTests/5126,1020,69,15328,15.0275,519,5.89266,
StressTests/5127,1020,111,15871,15.5598,216,5.95152,
StressTests/5128,1019,43,15290,15.0049,346,5.84464,
StressTests/5129,1018,59,15590,15.3143,390,5.93261,
StressTests/5130,1017,44,15120,14.8673,250,5.78665,
StressTests/5131,1017,60,15668,15.4061,367,5.94975,
StressTests/5132,1018,58,15725,15.447,298,5.945,
StressTests/5133,1018,40,15603,15.3271,339,5.9237,
StressTests/5134,1018,53,16037,15.7534,320,6.02311,
StressTests/5135,1017,131,15415,15.1573,339,5.88125,
StressTests/5136,1017,59,16670,16.3913,284,6.16246,
StressTests/5137,1018,67,15530,15.2554,451,5.93391,
StressTests/5138,1016,29,15335,15.0935,252,5.84068,
StressTests/5139,1017,43,15610,15.3491,256,5.90887,
StressTests/5140,1017,115,15228,14.9735,275,5.8191,
StressTests/5141,1016,67,15865,15.6152,236,5.96997,
StressTests/5142,1017,58,16091,15.822,172,6.01574,
StressTests/5143,1015,36,15663,15.4315,224,5.92344,
StressTests/5144,1016,50,15463,15.2195,308,5.8916,
StressTests/5145,1016,49,15316,15.0748,314,5.85725,
StressTests/5146,1016,53,15561,15.3159,249,5.89756,
StressTests/5147,1016,72,15604,15.3583,239,5.9068,
StressTests/5148,1015,56,15313,15.0867,351,5.8667,
StressTests/5149,1015,41,15457,15.2286,342,5.90002,
StressTests/5150,1015,43,15553,15.3232,244,5.89956,
StressTests/5151,1015,66,16487,16.2433,157,6.10884,
StressTests/5152,1015,101,15536,15.3064,226,5.88897,
StressTests/5153,1014,51,15826,15.6075,261,5.97504,
StressTests/5154,1014,60,15412,15.1992,244,5.86663,
StressTests/5155,1014,56,15340,15.1282,286,5.85933,
StressTests/5156,1014,32,15455,15.2416,339,5.90331,
StressTests/5157,1014,59,15749,15.5316,202,5.94109,
StressTests/5158,1013,44,15315,15.1185,464,5.90279,
StressTests/5159,1012,64,15496,15.3123,418,5.94008,
StressTests/5160,1013,64,15512,15.3129,208,5.8862,
StressTests/5161,1012,53,14999,14.8211,328,5.79584,
StressTests/5162,1013,63,15209,15.0138,282,5.83123,
StressTests/5163,1012,69,15623,15.4377,282,5.93667,
StressTests/5164,1011,69,15288,15.1217,184,5.83598,
StressTests/5165,1012,66,15329,15.1472,298,5.86903,
StressTests/5166,1012,76,15855,15.667,245,5.9906,
StressTests/5167,1012,77,15770,15.583,341,5.99283,
StressTests/5168,1011,51,15232,15.0663,458,5.88776,
StressTests/5169,1012,51,15442,15.2589,372,5.91436,
StressTests/5170,1011,74,16432,16.2532,145,6.0917,
StressTests/5171,1011,134,15337,15.1701,397,5.89938,
StressTests/5172,1010,89,15840,15.6832,158,5.96368,
StressTests/5173,1010,43,15370,15.2178,395,5.91094,
StressTests/5174,1010,44,15408,15.2554,220,5.87376,
StressTests/5175,1010,69,15125,14.9752,239,5.80849,
StressTests/5176,1008,97,15220,15.0992,279,5.85258,
StressTests/5177,1009,35,15425,15.2874,236,5.88196,
StressTests/5178,1008,53,15529,15.4058,235,5.91805,
StressTests/5179,1008,53,15484,15.3611,315,5.92621,
StressTests/5180,1008,61,15743,15.6181,245,5.97415,
StressTests/5181,1009,48,15458,15.3201,395,5.93668,
StressTests/5182,1008,32,15359,15.2371,295,5.88922,
StressTests/5183,1009,44,15690,15.55,353,5.9834,
StressTests/5184,1009,42,15326,15.1893,248,5.87013,
StressTests/5185,1009,28,16808,16.6581,263,6.20851,
StressTests/5186,1008,56,17036,16.9008,227,6.23837,
StressTests/5187,1008,30,15124,15.004,339,5.84365,
StressTests/5188,1008,47,15044,14.9246,269,5.80497,
StressTests/5189,1007,74,15116,15.0109,208,5.80693,
StressTests/5190,1007,60,15911,15.8004,276,6.03351,
StressTests/5191,1007,58,15192,15.0864,239,5.84279,
StressTests/5192,1006,68,15028,14.9384,305,5.8335,
StressTests/5193,1007,50,15398,15.291,256,5.90181,
StressTests/5194,1006,45,15485,15.3926,242,5.91756,
StressTests/5195,1007,55,15611,15.5025,285,5.95448,
StressTests/5196,1007,85,15394,15.287,342,5.91422,
StressTests/5197,1007,158,15364,15.2572,384,5.91791,
StressTests/5198,1007,57,15301,15.1946,330,5.88776,
StressTests/5199,1005,57,15223,15.1473,415,5.89878,
StressTests/5200,1006,62,15221,15.1302,307,5.86642,
StressTests/5201,1006,56,15319,15.2276,312,5.88765,
StressTests/5202,1005,101,15509,15.4318,269,5.93418,
StressTests/5203,1005,37,15441,15.3642,264,5.91308,
StressTests/5204,1004,59,15238,15.1773,290,5.87503,
StressTests/5205,1005,37,15246,15.1701,414,5.90426,
StressTests/5206,1005,53,15505,15.4279,276,5.93347,
StressTests/5207,1004,80,15648,15.5857,206,5.95598,
StressTests/5208,1003,69,15520,15.4736,236,5.93433,
StressTests/5209,1004,42,15261,15.2002,342,5.89471,
StressTests/5210,1004,45,15506,15.4442,245,5.92989,
StressTests/5211,1003,51,14746,14.7019,457,5.7979,
StressTests/5212,1004,91,15730,15.6673,185,5.97484,
StressTests/5213,1003,117,15398,15.3519,209,5.89918,
StressTests/5214,1004,79,15376,15.3147,220,5.89247,
StressTests/5215,1004,122,15404,15.3426,365,5.93536,
StressTests/5216,1003,53,15560,15.5135,315,5.96578,
StressTests/5217,1003,73,15600,15.5533,233,5.9601,
StressTests/5218,1003,45,15522,15.4756,350,5.96503,
StressTests/5219,1003,44,15571,15.5244,405,5.98537,
StressTests/5220,1002,28,15267,15.2365,333,5.90098,
StressTests/5221,1002,46,15302,15.2715,269,5.89325,
StressTests/5222,1002,39,15598,15.5669,325,5.98175,
StressTests/5223,1002,46,15409,15.3782,434,5.95536,
StressTests/5224,1002,50,15371,15.3403,220,5.89641,
StressTests/5225,1002,28,15297,15.2665,271,5.89099,
StressTests/5226,1001,30,15107,15.0919,270,5.84612,
StressTests/5227,1001,42,15475,15.4595,320,5.95221,
StressTests/5228,1001,54,15655,15.6394,266,5.98202,
StressTests/5229,1001,51,15046,15.031,456,5.88035,
StressTests/5230,999,53,15024,15.039,231,5.82682,
StressTests/5231,1000,50,15422,15.422,267,5.93061,
StressTests/5232,1000,60,14741,14.741,271,5.7582,
StressTests/5233,1000,50,15294,15.294,264,5.89685,
StressTests/5234,1000,62,15364,15.364,233,5.90588,
StressTests/5235,1000,229,14971,14.971,283,5.82415,
